[
	{
		"title": "Start",
		"tags": "",
		"body": "Meu parabéns conseguiu chegar ate o final\nespero realmente que tenha gostado \nesse foi só o primeiro nivel\nmuitas novidades e dessafios o aguardão\nentão te vejo muito em breve para a revisão.\nMuito obrigado por ter jogado nosso jogo 🥳",
		"position": {
			"x": -2365,
			"y": -394
		},
		"colorID": 0
	},
	{
		"title": "A1",
		"tags": "",
		"body": "Parece que voce consegiu passar por alguns obstáculos\nbom vamos para sua primeira questão\nextremamente simples.\nQual número somado com 7 que da 12?\n[[   Claro que é 5|CA1]]\n[[   Deve ser 7 |EA2]] \n[[   Não sei |EA1]]",
		"position": {
			"x": -1730,
			"y": -352
		},
		"colorID": 8
	},
	{
		"title": "EA2",
		"tags": "errada",
		"body": "Serio! Isso é pior do que imaginei\nPronto para a proxima?\n[[Claro|A2]]",
		"position": {
			"x": -1630,
			"y": 94
		},
		"colorID": 5
	},
	{
		"title": "EA1",
		"tags": "errada",
		"body": "Como isso é possivel!!??\nMe ajuda a te ajudar vai\n[[Na proxima você será melhor|A2]]",
		"position": {
			"x": -1587,
			"y": -797
		},
		"colorID": 5
	},
	{
		"title": "CA1",
		"tags": "certa",
		"body": "Vou nem te da parabens por isso.\nIremos aumentar o nivel pronto?\n[[Tudo bem|A2]]",
		"position": {
			"x": -1431,
			"y": -351
		},
		"colorID": 2
	},
	{
		"title": "EA6",
		"tags": "errada",
		"body": "Bom...\nIsso foi uma resposta firme, parabens\nagora se ela está certa é outra historia\n[[ok|A4]]",
		"position": {
			"x": -63,
			"y": 56
		},
		"colorID": 5
	},
	{
		"title": "EA3",
		"tags": "errada",
		"body": "Acho que tua professora do fundamental que não deu querido\n[[Claro|A3]]",
		"position": {
			"x": -916,
			"y": -691
		},
		"colorID": 5
	},
	{
		"title": "CA2",
		"tags": "certa",
		"body": "Voce está certo, mas não quero que voce chute\nquero que voce saiba\nBom agora iremos para a proxima Ok?\n[[Claro|A3]]",
		"position": {
			"x": -694,
			"y": -352
		},
		"colorID": 2
	},
	{
		"title": "A3",
		"tags": "",
		"body": "Espero que esteja pronto para a mais uma\nTambém é outra extremamente simples,\nMe diga\nQual número somado com 5 que da 15?\n[[  Tá de sacanagem comigo né? |EA5]] \n[[   Nessa eu tenho certeza que é 10|CA3]] \n[[   Muito facil Prof, é 5 |EA6]]",
		"position": {
			"x": -372,
			"y": -337
		},
		"colorID": 8
	},
	{
		"title": "EA5",
		"tags": "errada",
		"body": "Voce que tá de sacanagem comigo né?\n[[ok|A4]]",
		"position": {
			"x": -82,
			"y": -624
		},
		"colorID": 5
	},
	{
		"title": "CA3",
		"tags": "certa",
		"body": "Agora sim uma resposta firme \ne voce realmente acertou\n[[ok|A4]]",
		"position": {
			"x": 56,
			"y": -326
		},
		"colorID": 2
	},
	{
		"title": "EA4",
		"tags": "errada",
		"body": "Voce sabe que pode simplesmente usar os dedos né?\n[[Claro|A3]]",
		"position": {
			"x": -877,
			"y": 63
		},
		"colorID": 5
	},
	{
		"title": "F1",
		"tags": "final",
		"body": "Otimo se voce chegou até aqui é porque acertou tudo né\nNé????\nOu pelo menos 3 das 5 perguntas.\nSiga em frente que irei lhe fazer outras perguntas\nentão até lá",
		"position": {
			"x": 1967,
			"y": -334
		},
		"colorID": 8
	},
	{
		"title": "A2",
		"tags": "",
		"body": "Agora uma simples questão de subtração\nQual número subtraindo 5 que da 2?\n[[   To em duvida com o 8|EA4]] \n[[   Essa eu acho que é 7|CA2]]  \n[[   Voce já deu isso? |EA3]]",
		"position": {
			"x": -1093,
			"y": -352
		},
		"colorID": 8
	},
	{
		"title": "B1",
		"tags": "",
		"body": "Otimo voce conseguiu chegar ate aqui\nvamos começar\nQual número multiplicado com 5 que dá 20?\n[[   É 5 professora|EB1]] \n[[   Obvio que é 4 |CB1]] \n[[   Claro que é 7 né |EB2]]",
		"position": {
			"x": -1690,
			"y": 1143
		},
		"colorID": 8
	},
	{
		"title": "CB1",
		"tags": "certa",
		"body": "Otimo, voce sabe isso\npodemos avançar então\n[[ proximo: |B2]]",
		"position": {
			"x": -1363,
			"y": 1148
		},
		"colorID": 2
	},
	{
		"title": "EB2",
		"tags": "errada",
		"body": "Isso está completamente errado!\n[[ proxima: |B2]]",
		"position": {
			"x": -1304,
			"y": 1597
		},
		"colorID": 5
	},
	{
		"title": "EB1",
		"tags": "errada",
		"body": "Voce está realmente tentando né?\nOk proxima então\n[[ proximo: |B2]]",
		"position": {
			"x": -1299,
			"y": 614
		},
		"colorID": 5
	},
	{
		"title": "B2",
		"tags": "",
		"body": "Sua proxima pergunta também está bem facil\nQual número mulpiplicado por 6 que dá 36?\n[[   10 sem duvida alguma |EB4]] \n[[   9 com certeza |EB3]] \n[[   6 obvio|CB2]]*",
		"position": {
			"x": -1008,
			"y": 1149
		},
		"colorID": 8
	},
	{
		"title": "EB4",
		"tags": "errada",
		"body": "Sem duvida voce está errado\nseguimos\n[[ proximo: |B3]]",
		"position": {
			"x": -501,
			"y": 1574
		},
		"colorID": 5
	},
	{
		"title": "EB3",
		"tags": "errada",
		"body": "De fato\nvoce está errado\n[[ proximo: |B3]]",
		"position": {
			"x": -562,
			"y": 682
		},
		"colorID": 5
	},
	{
		"title": "CB2",
		"tags": "certa",
		"body": "Parabens, está dentro do basico\npodemos ir para a ultima questão\n[[ proximo: |B3]]",
		"position": {
			"x": -625,
			"y": 1124
		},
		"colorID": 2
	},
	{
		"title": "B3",
		"tags": "",
		"body": "Já sabe né, aumentando a dificuldade\nsua pergunta é simples\nQual número multiplicado por 9 que dá 18?\n[[  Claro que é 4 |EB6]] \n[[   3 sem erro |EB5]] \n[[   2 obvio também|CB3]]",
		"position": {
			"x": -285,
			"y": 1130
		},
		"colorID": 8
	},
	{
		"title": "EB6",
		"tags": "errada",
		"body": "Claro que voce está errado\n[[proximo|B4]]",
		"position": {
			"x": 59,
			"y": 734
		},
		"colorID": 5
	},
	{
		"title": "EB5",
		"tags": "errada",
		"body": "Sem erro?\nIsso com certeza foi um erro\n[[proximo|B4]]",
		"position": {
			"x": 109,
			"y": 1575
		},
		"colorID": 5
	},
	{
		"title": "CB3",
		"tags": "certa",
		"body": "Otimo, voce consegiu aprender isso\n[[proximo|B4]]",
		"position": {
			"x": 137,
			"y": 1141
		},
		"colorID": 2
	},
	{
		"title": "F2",
		"tags": "final2",
		"body": "Otimo passou por está etapa também\njá se acostumou né?\nSiga em frente e lhe farei mais algumas pergntas\nve se não vai morrrer no caminho em",
		"position": {
			"x": 1998,
			"y": 1091
		},
		"colorID": 8
	},
	{
		"title": "D1",
		"tags": "",
		"body": "Conseguiu chegar até aqui \nvamos iniciar mais uma\ne agora vou mudar a forma da pergunta\nmas o raciocínio será o mesmo.\nEu tenho 2 laranjas, e agora tenho 10 laranjas, quantas vezes mais laranjas comprei?\n\n[[   Claro que é 2|ED2]] \n[[   Deve ser 5 |CD1]] \n[[   Acho que é 6|ED1]]",
		"position": {
			"x": -1917,
			"y": 4362
		},
		"colorID": 8
	},
	{
		"title": "ED1",
		"tags": "errada",
		"body": "Voce deveria ter estudado mais essa\n[[proxima|D2]]",
		"position": {
			"x": -1607,
			"y": 5028
		},
		"colorID": 5
	},
	{
		"title": "CD1",
		"tags": "certa",
		"body": "Está certo, vamos seguir para a proxima\n[[proxima|D2]]",
		"position": {
			"x": -1431,
			"y": 4398
		},
		"colorID": 2
	},
	{
		"title": "ED2",
		"tags": "errada",
		"body": "É...Voce errou\nvamos seguir\n[[proxima|D2]]",
		"position": {
			"x": -1445,
			"y": 3816
		},
		"colorID": 5
	},
	{
		"title": "D2",
		"tags": "",
		"body": "Mesmo calculo\ntenho certeza que irá acerta\nMarina tem 7 balas, e agora tem 49, quantas vezes mais balas ela ganhou ?\n\n[[  Certeza que é 7|CD2]] \n[[   Pode ser 9 |ED4]] \n[[   Chuto que é 8|ED3]]",
		"position": {
			"x": -1017,
			"y": 4384
		},
		"colorID": 8
	},
	{
		"title": "ED4",
		"tags": "errada",
		"body": "E eu chuto que voce está errado\nse for chuta tente pensar antes\n[[proximo|D3]]",
		"position": {
			"x": -740,
			"y": 3824
		},
		"colorID": 5
	},
	{
		"title": "ED3",
		"tags": "errada",
		"body": "Pode ser que voce esteja...\nCeriamente errado\nconcentre-se mais\n[[proximo|D3]]",
		"position": {
			"x": -700,
			"y": 5044
		},
		"colorID": 5
	},
	{
		"title": "CD2",
		"tags": "certa",
		"body": "Otimo voce lembrou dessa\nvamos seguir para a proxima\n[[proximo|D3]]",
		"position": {
			"x": -660,
			"y": 4379
		},
		"colorID": 2
	},
	{
		"title": "D3",
		"tags": "",
		"body": "Muito bem, vamos para a proxima\n\nMaria tinha 16 maças, e agora possui 32, quantas vezes mais maças maria ganhou ?\n\n[[ Certeza que foram 2 |CD3]]\n[[ Acho que foram 6 |ED6]] \n[[ Foram 3, confia |ED5]]",
		"position": {
			"x": -288,
			"y": 4363
		},
		"colorID": 8
	},
	{
		"title": "ED7",
		"tags": "errada",
		"body": "Um pouco mais de foco e voce acertava\n[[proximo|D5]]",
		"position": {
			"x": 963,
			"y": 4968
		},
		"colorID": 5
	},
	{
		"title": "CD4",
		"tags": "certa",
		"body": "Otimo voce acertou.\nPodemos ir para a ultima agora\n[[proximo|D5]]",
		"position": {
			"x": 916,
			"y": 4333
		},
		"colorID": 2
	},
	{
		"title": "ED8",
		"tags": "errada",
		"body": "Voce está indo bem \nmas acabou errando essa\n[[proximo|D5]]",
		"position": {
			"x": 950,
			"y": 3769
		},
		"colorID": 5
	},
	{
		"title": "D4",
		"tags": "",
		"body": "estamos quase terminando\nMarcos tem 5 bolinhas de gude, e agora possui 35,\nquantas bolinhas de gude ele ganhou ?\n[[  Claro que é 4|ED7]] \n[[   É 7 |CD4]] \n[[   Sinto que é 6|ED8]]",
		"position": {
			"x": 470,
			"y": 4354
		},
		"colorID": 8
	},
	{
		"title": "CD3",
		"tags": "certa",
		"body": "Viu só como era simples\nagora podemos ir para a ultima\n[[proxima|D4]]",
		"position": {
			"x": 73,
			"y": 4344
		},
		"colorID": 2
	},
	{
		"title": "ED5",
		"tags": "errada",
		"body": "É tem um erro ai sim\nmeio que é a sua resposta\nvamos seguir\n[[proxima|D4]]",
		"position": {
			"x": 64,
			"y": 5040
		},
		"colorID": 5
	},
	{
		"title": "ED6",
		"tags": "errada",
		"body": "\"Obvio\" kkkkkkkkkk\nDesculpe, vamos para a proxima\ne sim voce errou\n[[proxima|D4]]",
		"position": {
			"x": 58,
			"y": 3707
		},
		"colorID": 5
	},
	{
		"title": "F4",
		"tags": "final4",
		"body": "Bom se voce chegou até aqui então entendeu bem a materia\ncontinue avançando até o proximo nivel.",
		"position": {
			"x": 2005,
			"y": 4301
		},
		"colorID": 8
	},
	{
		"title": "Mary",
		"tags": "",
		"body": "Ola seja bem vindo a nossa demo\naqui voce podera jogar o primeiro nivel do jogo\nvou lhe ensinar os movimentos basicos.\nUse as setas do teclado para se mexer, como <- e ->\nVoce tambem pode usar a barra de espaço para saltar \nCom o A voce poda usar sua espada para atacar\nE por fim quando voce estiver respondendo uma pergunta\nuse as teclas \"1,2,3\" para escolher a opção\ne depois é só apertar Enter para selecionar a resposta \nespero que tenha entendido e se divirta",
		"position": {
			"x": -2107,
			"y": -396
		},
		"colorID": 0
	},
	{
		"title": "C1",
		"tags": "",
		"body": "Conseguiu chegar até aqui \nvamos iniciar mais uma\ne agora vou mudar a forma da pergunta\nmas o raciocínio será o mesmo.\nEu tenho 2 laranjas, para ter 10 laranjas, quantas laranjas eu preciso ganhar?\n\n[[   Claro que é 7|EC2]] \n[[   Deve ser 8 |CC1]] \n[[   Acho que é 9 |EC1]]",
		"position": {
			"x": -1767,
			"y": 2592
		},
		"colorID": 8
	},
	{
		"title": "EC2",
		"tags": "errada",
		"body": "Logo na primeira já está errado\npense mais na proxima ok\n[[Tudo bem|C2]]",
		"position": {
			"x": -1369,
			"y": 3010
		},
		"colorID": 5
	},
	{
		"title": "CC1",
		"tags": "certa",
		"body": "Está certo\nvamos para a proxima\n[[Tudo bem|C2]]",
		"position": {
			"x": -1348,
			"y": 2644
		},
		"colorID": 2
	},
	{
		"title": "EC1",
		"tags": "errada",
		"body": "Serio? ok vamos para a proxima\nah e sim voce está errado\n[[Tudo bem|C2]]",
		"position": {
			"x": -1344,
			"y": 2363
		},
		"colorID": 5
	},
	{
		"title": "C2",
		"tags": "",
		"body": "Mesmo calculo\ntenho certeza que irá acerta\nMarina tem 7 balas, e agora tem 4, quantas balas ela perdeu ?\n\n[[  Certeza que é 3|CC2]] \n[[   Pode ser 5 |EC4]] \n[[   Chuto que é 2 |EC3]]",
		"position": {
			"x": -1028,
			"y": 2603
		},
		"colorID": 8
	},
	{
		"title": "CC2",
		"tags": "certa",
		"body": "Excelente tudo certo\n[[proxima|C3]]",
		"position": {
			"x": -639,
			"y": 2603
		},
		"colorID": 2
	},
	{
		"title": "EC4",
		"tags": "errada",
		"body": "Pode ser que voce esteja errado\nbom vamos para a proxima\n[[proxima|C3]]",
		"position": {
			"x": -575,
			"y": 2276
		},
		"colorID": 5
	},
	{
		"title": "EC3",
		"tags": "errada",
		"body": "Voce errou em chutar e ainda chutou errado\n[[proxima|C3]]",
		"position": {
			"x": -577,
			"y": 3105
		},
		"colorID": 5
	},
	{
		"title": "C3",
		"tags": "",
		"body": "Muito bem, vamos para a proxima\n\nMaria tinha 16 maças, e agora possui 2, quantas maças maria comeu ?\n\n[[ Certeza que foram 14 |CC3]]\n[[ Acho que foram 8 |EC6]] \n[[ Foram 13, confia |EC5]]",
		"position": {
			"x": -326,
			"y": 2626
		},
		"colorID": 8
	},
	{
		"title": "CC3",
		"tags": "certa",
		"body": "Olha só voce consegiu \n[[ok|C4]]",
		"position": {
			"x": 80,
			"y": 2641
		},
		"colorID": 2
	},
	{
		"title": "EC5",
		"tags": "errada",
		"body": "É voce achou errado bem na ultima\n[[ok|C4]]",
		"position": {
			"x": 214,
			"y": 3167
		},
		"colorID": 5
	},
	{
		"title": "EC6",
		"tags": "errada",
		"body": "É voce conseguiu errar \n[[ok|C4]]",
		"position": {
			"x": 164,
			"y": 2266
		},
		"colorID": 5
	},
	{
		"title": "F3",
		"tags": "final3",
		"body": "Bom se voce chegou até aqui então entendeu bem a materia\ncontinue avançando até o proximo nivel.",
		"position": {
			"x": 2015,
			"y": 2606
		},
		"colorID": 8
	},
	{
		"title": "A4",
		"tags": "",
		"body": "Mesmo calculo\ntenho certeza que irá acerta\nQual número somado com 8 que da 13?\n[[ 6 com certeza |EA7]] \n[[   Sinto que é 5|CA4]] \n[[  Tranquilo,é 7 |EA8]]",
		"position": {
			"x": 497,
			"y": -326
		},
		"colorID": 8
	},
	{
		"title": "EA7",
		"tags": "errada",
		"body": "Droga voce passou bem perto\nVamos seguir para a ultima\n[[ok|A5]]",
		"position": {
			"x": 768,
			"y": -645
		},
		"colorID": 5
	},
	{
		"title": "CA4",
		"tags": "certa",
		"body": "Otimo voce acertou.\n[[ok|A5]]",
		"position": {
			"x": 899,
			"y": -327
		},
		"colorID": 2
	},
	{
		"title": "EA8",
		"tags": "errada",
		"body": "Um pouco acima do resultado\nvoce se saira melhor\n[[ok|A5]]",
		"position": {
			"x": 780,
			"y": 54
		},
		"colorID": 5
	},
	{
		"title": "A5",
		"tags": "",
		"body": "Ultima pergunta em \nespero que preste atenção.\nQual número somado com 3 que da 10?\n[[  6 sem medo |EA10]] \n[[   9 obviamente|EA9]] \n[[   7 com toda certeza |CA5]]",
		"position": {
			"x": 1276,
			"y": -328
		},
		"colorID": 8
	},
	{
		"title": "EA10",
		"tags": "errada",
		"body": "Tão perto\nmas infelizmente voce errou\n[[ok|F1]]",
		"position": {
			"x": 1546,
			"y": 62
		},
		"colorID": 5
	},
	{
		"title": "EA9",
		"tags": "errada",
		"body": "Saco bem na ultima voce errou\n[[ok|F1]]",
		"position": {
			"x": 1558,
			"y": -643
		},
		"colorID": 5
	},
	{
		"title": "CA5",
		"tags": "certa",
		"body": "Excelente voce acertou\n[[ok|F1]]",
		"position": {
			"x": 1597,
			"y": -332
		},
		"colorID": 2
	},
	{
		"title": "B4",
		"tags": "",
		"body": "tenho certeza que irá acerta\nQual número multiplicado por 10 que dá 200 ?\n[[   Certeza que é 15|EB7]] \n[[   Pode ser 20 |CB4]] \n[[   Chuto que é 10 |EB8]]",
		"position": {
			"x": 508,
			"y": 1132
		},
		"colorID": 8
	},
	{
		"title": "EB8",
		"tags": "errada",
		"body": "Pode ser que voce esteja errado\nbom vamos para a proxima\n[[proxima|B5]]",
		"position": {
			"x": 779,
			"y": 747
		},
		"colorID": 5
	},
	{
		"title": "EB7",
		"tags": "errada",
		"body": "Voce está indo bem \nmas acabou errando essa\n[[proximo|B5]]",
		"position": {
			"x": 771,
			"y": 1537
		},
		"colorID": 5
	},
	{
		"title": "CB4",
		"tags": "certa",
		"body": "Otimo vamos para a proxima\n[[ok|B5]]",
		"position": {
			"x": 898,
			"y": 1114
		},
		"colorID": 2
	},
	{
		"title": "CB5",
		"tags": "certa",
		"body": "parabens acertou essa\n[[ok|F2]]",
		"position": {
			"x": 1587,
			"y": 1095
		},
		"colorID": 2
	},
	{
		"title": "EB10",
		"tags": "errada",
		"body": "Droga foi perto essa\nmas está errado\n[[ok|F2]]",
		"position": {
			"x": 1477,
			"y": 723
		},
		"colorID": 5
	},
	{
		"title": "EB9",
		"tags": "errada",
		"body": "É... Voce errou\n[[ok|F2]]",
		"position": {
			"x": 1476,
			"y": 1484
		},
		"colorID": 5
	},
	{
		"title": "B5",
		"tags": "",
		"body": "lembre-se das ultimas questões\nQual número multiplicado por 3 que dá 27?\n[[  Claro que é 7|EB9]] \n[[   É 9 |CB5]] \n[[   Sinto que é 12 |EB10]]",
		"position": {
			"x": 1218,
			"y": 1110
		},
		"colorID": 8
	},
	{
		"title": "C4",
		"tags": "",
		"body": "estamos quase terminando\nMarcos tem 3 bolinhas de gude, e agora possui 17,\nquantas bolinhas de gude ele ganhou ?\n[[  Claro que é 16|EC7]] \n[[   É 14 |CC4]] \n[[   Sinto que é 15 |EC8]]",
		"position": {
			"x": 559,
			"y": 2623
		},
		"colorID": 8
	},
	{
		"title": "CC4",
		"tags": "certa",
		"body": "Otimo voce lembrou dessa\nvamos seguir para a proxima\n[[OK|C5]]",
		"position": {
			"x": 907,
			"y": 2622
		},
		"colorID": 2
	},
	{
		"title": "C5",
		"tags": "",
		"body": "Só mais uma\nEu tenho 3 cadeiras, e agora tenho 22, quantas cadeiras comprei?\n[[  Claro que é 19 |CC5]] \n[[   17 sem erro |EC9]] \n[[   18 obvio |EC10]]",
		"position": {
			"x": 1298,
			"y": 2621
		},
		"colorID": 8
	},
	{
		"title": "EC10",
		"tags": "errada",
		"body": "Saco bem na ultima voce errou\n[[ok|F3]]",
		"position": {
			"x": 1622,
			"y": 2253
		},
		"colorID": 5
	},
	{
		"title": "EC9",
		"tags": "errada",
		"body": "Isso está completamente errado!\n[[ok|F3]]",
		"position": {
			"x": 1511,
			"y": 3053
		},
		"colorID": 5
	},
	{
		"title": "EC8",
		"tags": "errada",
		"body": "Sem duvida voce está errado\nseguimos\n[[OK|C5]]",
		"position": {
			"x": 859,
			"y": 2177
		},
		"colorID": 5
	},
	{
		"title": "EC7",
		"tags": "errada",
		"body": "É... Voce errou\n[[OK|C5]]",
		"position": {
			"x": 794,
			"y": 3070
		},
		"colorID": 5
	},
	{
		"title": "CC5",
		"tags": "certa",
		"body": "Otimo voce acertou a ultima\n[[ok|F3]]",
		"position": {
			"x": 1616,
			"y": 2610
		},
		"colorID": 2
	},
	{
		"title": "D5",
		"tags": "",
		"body": "Só mais uma\nEu tenho 9 cadeiras, e agora tenho 81, quantas vezes mais cadeiras comprei?\n[[  Claro que é 9 |CD5]] \n[[   7 sem erro |ED9]] \n[[   2 obvio |ED10]]",
		"position": {
			"x": 1327,
			"y": 4324
		},
		"colorID": 8
	},
	{
		"title": "ED9",
		"tags": "errada",
		"body": "Pode ser que voce esteja errado\nbom vamos para a proxima\n[[OK|F4]]",
		"position": {
			"x": 1613,
			"y": 3890
		},
		"colorID": 5
	},
	{
		"title": "CD5",
		"tags": "certa",
		"body": "Otimo voce acertou \nvamos terminar\n[[OK|F4]]",
		"position": {
			"x": 1685,
			"y": 4332
		},
		"colorID": 2
	},
	{
		"title": "ED10",
		"tags": "errada",
		"body": "Sem duvida voce está errado\nseguimos\n[[OK|F4]]",
		"position": {
			"x": 1619,
			"y": 4894
		},
		"colorID": 5
	},
	{
		"title": "F5",
		"tags": "final5",
		"body": "Parabens conseguiu completar mais um\ncontinue avançando que logo será o fim\naté breve.",
		"position": {
			"x": 1688,
			"y": 6006
		},
		"colorID": 8
	},
	{
		"title": "EE4",
		"tags": "errada",
		"body": "Pode ser que voce esteja...\nCeriamente errado\nconcentre-se mais\n[[proxima|E3]]",
		"position": {
			"x": -1016,
			"y": 5472
		},
		"colorID": 5
	},
	{
		"title": "EE6",
		"tags": "errada",
		"body": "É voce conseguiu errar \n[[ok|E4]]",
		"position": {
			"x": -338,
			"y": 5427
		},
		"colorID": 5
	},
	{
		"title": "EE1",
		"tags": "errada",
		"body": "Serio? ok vamos para a proxima\nah e sim voce está errado\n[[Tudo bem|E2]]",
		"position": {
			"x": -1530,
			"y": 5533
		},
		"colorID": 5
	},
	{
		"title": "EE8",
		"tags": "errada",
		"body": "voce está errado\n[[OK|E5]]",
		"position": {
			"x": 405,
			"y": 5503
		},
		"colorID": 5
	},
	{
		"title": "EE10",
		"tags": "errada",
		"body": "É voce conseguiu errar a ultima\n[[ok|F5]]",
		"position": {
			"x": 1064,
			"y": 5513
		},
		"colorID": 5
	},
	{
		"title": "E1",
		"tags": "",
		"body": "Conseguiu chegar até aqui \nvamos iniciar mais uma\ne agora vou mudar a forma da pergunta\nmas o raciocínio será o mesmo.\nX + 8 = 15, quanto vale X ?\n\n[[   Claro que é 8|EE2]] \n[[   Deve ser 7 |CE1]] \n[[   Acho que é 9 |EE1]]",
		"position": {
			"x": -2044,
			"y": 5940
		},
		"colorID": 8
	},
	{
		"title": "CE1",
		"tags": "certa",
		"body": "Está certo\nvamos para a proxima\n[[Tudo bem|E2]]",
		"position": {
			"x": -1568,
			"y": 5950
		},
		"colorID": 2
	},
	{
		"title": "E2",
		"tags": "",
		"body": "Mesmo calculo\ntenho certeza que irá acertar\nX - 3 = 7\n\n[[  Certeza que é 10|CE2]] \n[[   Pode ser 5 |EE4]] \n[[   Chuto que é 13 |EE3]]",
		"position": {
			"x": -1256,
			"y": 5937
		},
		"colorID": 8
	},
	{
		"title": "CE2",
		"tags": "certa",
		"body": "Excelente tudo certo\npodemos ir para a proxima\n[[proxima|E3]]",
		"position": {
			"x": -959,
			"y": 5923
		},
		"colorID": 2
	},
	{
		"title": "E3",
		"tags": "",
		"body": "Muito bem, vamos para a proxima\n\nX + 9 = 12 quanto vale X ?\n\n[[ Certeza que  3 |CE3]]\n[[ Acho que  8 |EE6]] \n[[  2, confia |EE5]]",
		"position": {
			"x": -613,
			"y": 5907
		},
		"colorID": 8
	},
	{
		"title": "CE3",
		"tags": "certa",
		"body": "Olha só voce consegiu \n[[ok|E4]]",
		"position": {
			"x": -259,
			"y": 5892
		},
		"colorID": 2
	},
	{
		"title": "E4",
		"tags": "",
		"body": "estamos quase terminando\nX - 25 = 5, quanto vale X ?\n[[  Claro que é 29|EE7]] \n[[   É 30 |CE4]] \n[[   Sinto que é 31 |EE8]]",
		"position": {
			"x": 90,
			"y": 5970
		},
		"colorID": 8
	},
	{
		"title": "CE4",
		"tags": "certa",
		"body": "Excelente tudo certo\npodemos ir para a ultima\n[[OK|E5]]",
		"position": {
			"x": 526,
			"y": 5986
		},
		"colorID": 2
	},
	{
		"title": "E5",
		"tags": "",
		"body": "Só mais uma\nX + 75 = 100, quanto vale X ?\n[[  Claro que é 25 |CE5]] \n[[   15 sem erro |EE9]] \n[[   35 obvio |EE10]]",
		"position": {
			"x": 867,
			"y": 6003
		},
		"colorID": 8
	},
	{
		"title": "CE5",
		"tags": "certa",
		"body": "parabens acertou a ultima\n[[ok|F5]]",
		"position": {
			"x": 1260,
			"y": 5992
		},
		"colorID": 2
	},
	{
		"title": "EE2",
		"tags": "errada",
		"body": "Logo na primeira já está errado\npense mais na proxima ok\n[[Tudo bem|E2]]",
		"position": {
			"x": -1495,
			"y": 6557
		},
		"colorID": 5
	},
	{
		"title": "EE9",
		"tags": "errada",
		"body": "É voce achou errado bem na ultima\n[[ok|F5]]",
		"position": {
			"x": 994,
			"y": 6521
		},
		"colorID": 5
	},
	{
		"title": "EE3",
		"tags": "errada",
		"body": "Voce errou em chutar e ainda chutou errado\nvai para a ultima\n[[proxima|E3]]",
		"position": {
			"x": -1030,
			"y": 6478
		},
		"colorID": 5
	},
	{
		"title": "EE7",
		"tags": "errada",
		"body": "Pode ser que voce esteja...\nCeriamente errado\n[[OK|E5]]",
		"position": {
			"x": 196,
			"y": 6538
		},
		"colorID": 5
	},
	{
		"title": "EE5",
		"tags": "errada",
		"body": "É voce achou errado\n[[ok|E4]]",
		"position": {
			"x": -441,
			"y": 6502
		},
		"colorID": 5
	},
	{
		"title": "EG4",
		"tags": "errada",
		"body": "Pode ser que voce esteja errado\nbom vamos para a proxima\n[[proxima|G3]]",
		"position": {
			"x": -1043,
			"y": 7107
		},
		"colorID": 5
	},
	{
		"title": "EG1",
		"tags": "errada",
		"body": "Sim voce está errado\n[[Tudo bem|G2]]",
		"position": {
			"x": -1567,
			"y": 7163
		},
		"colorID": 5
	},
	{
		"title": "EG6",
		"tags": "errada",
		"body": "É voce conseguiu errar \n[[ok|G4]]",
		"position": {
			"x": -374,
			"y": 7063
		},
		"colorID": 5
	},
	{
		"title": "EG8",
		"tags": "errada",
		"body": "voce está errado\n[[OK|G5]]",
		"position": {
			"x": 369,
			"y": 7134
		},
		"colorID": 5
	},
	{
		"title": "G1",
		"tags": "",
		"body": "Conseguiu chegar até aqui \nvamos iniciar a ultima.\nentão fique esperto em.\n2X = 8, quanto vale X ? \n[[   Claro que é 6 |EG2]] \n[[   Deve ser 2 |EG1]] \n[[   Acho que é 4 |CG1]]",
		"position": {
			"x": -2049,
			"y": 7577
		},
		"colorID": 8
	},
	{
		"title": "CG1",
		"tags": "certa",
		"body": "Está certo\nvamos para a proxima\n[[Tudo bem|G2]]",
		"position": {
			"x": -1657,
			"y": 7593
		},
		"colorID": 2
	},
	{
		"title": "G2",
		"tags": "",
		"body": "Mesmo calculo\ntenho certeza que irá acertar\n5x = 30\n[[  Claro que é 6|CG2]] \n[[   9 sem duvidas |EG4]] \n[[   sem medo é 4 |EG3]]",
		"position": {
			"x": -1292,
			"y": 7566
		},
		"colorID": 8
	},
	{
		"title": "CG2",
		"tags": "certa",
		"body": "Excelente tudo certo aqui\nvamos para a proxima\n[[proxima|G3]]",
		"position": {
			"x": -981,
			"y": 7594
		},
		"colorID": 2
	},
	{
		"title": "G3",
		"tags": "",
		"body": "Voce está indo bem\nme diga:15x= 45\n[[  Sem duvidas 4|EG6]] \n[[   É com certeza 3 |CG3]] \n[[   Uns 6 |EG5]]",
		"position": {
			"x": -655,
			"y": 7533
		},
		"colorID": 8
	},
	{
		"title": "CG3",
		"tags": "certa",
		"body": "Olha só voce já pegou o jeito\n[[ok|G4]]",
		"position": {
			"x": -294,
			"y": 7521
		},
		"colorID": 2
	},
	{
		"title": "G4",
		"tags": "",
		"body": "estamos quase terminando.\nMe diga: 7x = 35\n[[  Certeza que é 6|EG7]] \n[[   É 5 |CG4]] \n[[   Acho que é 7 |EG8]]",
		"position": {
			"x": 65,
			"y": 7562
		},
		"colorID": 8
	},
	{
		"title": "CG4",
		"tags": "certa",
		"body": "Excelente tudo certo\npodemos ir para a ultima\n[[OK|G5]]",
		"position": {
			"x": 444,
			"y": 7603
		},
		"colorID": 2
	},
	{
		"title": "G5",
		"tags": "",
		"body": "A ultima pergunta não sera tão dificil \nclaro, isso se voce conseguiu resolver as outras...\n6x = 60, quanto vale X?\n[[  Claro que é 10 |CG5]] \n[[   5 sem erro algum |EG9]] \n[[   9 obvio |EG10]]",
		"position": {
			"x": 831,
			"y": 7634
		},
		"colorID": 8
	},
	{
		"title": "EG10",
		"tags": "errada",
		"body": "É voce conseguiu errar a ultima\n[[ok|F6]]",
		"position": {
			"x": 1026,
			"y": 7147
		},
		"colorID": 5
	},
	{
		"title": "CG5",
		"tags": "certa",
		"body": "parabens acertou a ultima\n[[ok|F6]]",
		"position": {
			"x": 1224,
			"y": 7624
		},
		"colorID": 2
	},
	{
		"title": "F6",
		"tags": "final6",
		"body": "Excelente voce respondeu todas\npode seguir até o final da fase.",
		"position": {
			"x": 1653,
			"y": 7628
		},
		"colorID": 8
	},
	{
		"title": "EG3",
		"tags": "errada",
		"body": "É... Voce errou\n[[proxima|G3]]",
		"position": {
			"x": -1066,
			"y": 8111
		},
		"colorID": 5
	},
	{
		"title": "EG2",
		"tags": "errada",
		"body": "Logo na primeira já está errado\npense mais na proxima ok\n[[Tudo bem|G2]]",
		"position": {
			"x": -1529,
			"y": 8186
		},
		"colorID": 5
	},
	{
		"title": "EG9",
		"tags": "errada",
		"body": "Voce deveria ter estudado mais essa\n[[ok|F6]]",
		"position": {
			"x": 960,
			"y": 8151
		},
		"colorID": 5
	},
	{
		"title": "EG7",
		"tags": "errada",
		"body": "Pode ser que voce esteja...\nCeriamente errado\n[[OK|G5]]",
		"position": {
			"x": 161,
			"y": 8170
		},
		"colorID": 5
	},
	{
		"title": "EG5",
		"tags": "errada",
		"body": "Claro que voce está errado\n[[ok|G4]]",
		"position": {
			"x": -476,
			"y": 8135
		},
		"colorID": 5
	}
]